{"cameraMode":{"drawMode":0,"name":"Shaded","section":"Shading Mode"},"sceneLighting":true,"audioPlay":false,"sceneViewState":{"showFog":true,"showMaterialUpdate":false,"showSkybox":true,"showFlares":true,"showImageEffects":true,"showParticleSystems":true,"showVisualEffectGraphs":true,"m_FxEnabled":true},"in2DMode":false,"pivot":{"x":-0.6793453693389893,"y":2.991732597351074,"z":8.019058227539063},"rotation":{"x":0.061760883778333667,"y":-0.018834296613931657,"z":0.0011779090855270625,"w":0.9979315996170044},"size":14.845415115356446,"orthographic":false}