{"cameraMode":{"drawMode":0,"name":"Shaded","section":"Shading Mode"},"sceneLighting":true,"audioPlay":false,"sceneViewState":{"showFog":true,"showMaterialUpdate":false,"showSkybox":true,"showFlares":true,"showImageEffects":true,"showParticleSystems":true,"showVisualEffectGraphs":true,"m_FxEnabled":true},"in2DMode":false,"pivot":{"x":0.30640265345573428,"y":1.3512048721313477,"z":-0.6478241086006165},"rotation":{"x":0.5723047256469727,"y":-0.0043954248540103439,"z":0.003088360885158181,"w":0.8200470805168152},"size":23.141040802001954,"orthographic":false}