{"cameraMode":{"drawMode":0,"name":"Shaded","section":"Shading Mode"},"sceneLighting":false,"audioPlay":false,"sceneViewState":{"showFog":true,"showMaterialUpdate":false,"showSkybox":false,"showFlares":true,"showImageEffects":true,"showParticleSystems":true,"showVisualEffectGraphs":true,"m_FxEnabled":true},"in2DMode":false,"pivot":{"x":-0.6465967297554016,"y":0.6283224821090698,"z":0.6507386565208435},"rotation":{"x":-0.28065598011016848,"y":-0.22372309863567353,"z":0.06742769479751587,"w":-0.9309142827987671},"size":1.4630874395370484,"orthographic":false}