{"cameraMode":{"drawMode":0,"name":"Shaded","section":"Shading Mode"},"sceneLighting":false,"audioPlay":false,"sceneViewState":{"showFog":true,"showMaterialUpdate":false,"showSkybox":false,"showFlares":true,"showImageEffects":true,"showParticleSystems":true},"in2DMode":false,"pivot":{"x":-1.3605587482452393,"y":-0.8327707052230835,"z":0.961691677570343},"rotation":{"x":-0.168153315782547,"y":0.824370801448822,"z":-0.3162485361099243,"w":-0.4383336305618286},"size":3.1086206436157228,"orthographic":false}