{"cameraMode":{"drawMode":0,"name":"Shaded","section":"Shading Mode"},"sceneLighting":true,"audioPlay":false,"sceneViewState":{"showFog":true,"showMaterialUpdate":false,"showSkybox":true,"showFlares":true,"showImageEffects":true,"showParticleSystems":true},"in2DMode":false,"pivot":{"x":-6.52484130859375,"y":-10.110801696777344,"z":-16.826932907104493},"rotation":{"x":-0.1373516321182251,"y":0.8132588267326355,"z":-0.21329939365386964,"w":-0.5236884951591492},"size":49.03445053100586,"orthographic":false}