{"cameraMode":{"drawMode":0,"name":"Shaded","section":"Shading Mode"},"sceneLighting":true,"audioPlay":false,"sceneViewState":{"showFog":true,"showMaterialUpdate":false,"showSkybox":true,"showFlares":true,"showImageEffects":true,"showParticleSystems":true,"showVisualEffectGraphs":true,"m_FxEnabled":true},"in2DMode":false,"pivot":{"x":-2.7045693397521974,"y":-1.5706911087036133,"z":10.681442260742188},"rotation":{"x":0.18911327421665193,"y":-0.0744238942861557,"z":0.014370957389473915,"w":0.9790403246879578},"size":9.926841735839844,"orthographic":false}