{"cameraMode":{"drawMode":0,"name":"Shaded","section":"Shading Mode"},"sceneLighting":true,"audioPlay":false,"sceneViewState":{"showFog":true,"showMaterialUpdate":false,"showSkybox":true,"showFlares":true,"showImageEffects":true,"showParticleSystems":true,"showVisualEffectGraphs":true,"m_FxEnabled":true},"in2DMode":false,"pivot":{"x":-1.4215025901794434,"y":1.2814679145812989,"z":4.168704032897949},"rotation":{"x":0.12195808440446854,"y":-0.19894593954086305,"z":0.024973653256893159,"w":0.9720901846885681},"size":8.902902603149414,"orthographic":false}