{"cameraMode":{"drawMode":0,"name":"Shaded","section":"Shading Mode"},"sceneLighting":true,"audioPlay":false,"sceneViewState":{"showFog":true,"showMaterialUpdate":false,"showSkybox":true,"showFlares":true,"showImageEffects":true,"showParticleSystems":true,"showVisualEffectGraphs":true,"m_FxEnabled":true},"in2DMode":false,"pivot":{"x":-0.26992273330688479,"y":7.593088150024414,"z":30.060501098632814},"rotation":{"x":0.01528901793062687,"y":0.9802560210227966,"z":-0.17837584018707276,"w":0.08399852365255356},"size":22.50933837890625,"orthographic":false}