{"cameraMode":{"drawMode":0,"name":"Shaded","section":"Shading Mode"},"sceneLighting":false,"audioPlay":false,"sceneViewState":{"showFog":true,"showMaterialUpdate":false,"showSkybox":false,"showFlares":true,"showImageEffects":true,"showParticleSystems":true,"showVisualEffectGraphs":true,"m_FxEnabled":true},"in2DMode":false,"pivot":{"x":2.513719081878662,"y":-0.014273323118686676,"z":-0.42138954997062685},"rotation":{"x":-0.17642158269882203,"y":-0.7148234248161316,"z":0.19463205337524415,"w":-0.6480666399002075},"size":2.8301942348480226,"orthographic":false}