{"cameraMode":{"drawMode":0,"name":"Shaded","section":"Shading Mode"},"sceneLighting":true,"audioPlay":false,"sceneViewState":{"showFog":true,"showMaterialUpdate":false,"showSkybox":true,"showFlares":true,"showImageEffects":true,"showParticleSystems":true,"showVisualEffectGraphs":true,"m_FxEnabled":true},"in2DMode":false,"pivot":{"x":3.230113983154297,"y":1.5590966939926148,"z":12.808717727661133},"rotation":{"x":-0.029259899631142618,"y":-0.3913760185241699,"z":0.012472913600504399,"w":-0.9196690320968628},"size":12.12435531616211,"orthographic":false}