{"cameraMode":{"drawMode":0,"name":"Shaded","section":"Shading Mode"},"sceneLighting":true,"audioPlay":false,"sceneViewState":{"showFog":true,"showMaterialUpdate":false,"showSkybox":true,"showFlares":true,"showImageEffects":true,"showParticleSystems":true,"showVisualEffectGraphs":true,"m_FxEnabled":true},"in2DMode":false,"pivot":{"x":-3.4591875076293947,"y":2.264382839202881,"z":-0.1989583969116211},"rotation":{"x":0.21306423842906953,"y":-0.030154714360833169,"z":0.006594483740627766,"w":0.9765709638595581},"size":6.924746513366699,"orthographic":false}