{"cameraMode":{"drawMode":0,"name":"Shaded","section":"Shading Mode"},"sceneLighting":false,"audioPlay":false,"sceneViewState":{"showFog":true,"showMaterialUpdate":false,"showSkybox":false,"showFlares":true,"showImageEffects":true,"showParticleSystems":true,"showVisualEffectGraphs":true,"m_FxEnabled":true},"in2DMode":false,"pivot":{"x":-0.5853795409202576,"y":0.02301192097365856,"z":0.22441284358501435},"rotation":{"x":-0.10366939008235932,"y":0.8246283531188965,"z":-0.16057471930980683,"w":-0.5324485301971436},"size":1.299038052558899,"orthographic":false}